"Id","PartNumber","Name","Price","Unit","Photopath","VendorId"
"1","3367-844620-OBAPRXYD-GEN","Generous Pluto Perception","$639.63","kilojoule (kJ)","d:\users\sarah3367\generous-pluto-perception.bmp","29"
"2","1966-1950-SXWWQIL-DIA","Diagnostic Radio Astrometry Function","$3,125.64","kilowatt hours per square foot (kWh/)",,"42"
"3","JNWBL-8283-2450-ATH","Athletic Stellar Tracking Moderator","$2,633.90","square inch (in²)","c:\users\christjnwbl\athletic-stellar-tracking-moderator.gif","39"
"4","7869-1835170-LAOXJZZ-BRADL","Bradley Interplanetary Activation","$18,377.21","milligram (mg)",,"16"
"5","9212-8470-ZYXJIPGM-REA","Realistic Angular Separation","$44,320.34","kilowatt hour (kWh)",,"21"
"6","CONSCI-825-44710-OMAAOA","Conscious Solar Magnetism Afford","$462.75","cycles per minute (cpm)",,"29"
"7","NERVO-5580-LVEIRDR-1696","Nervous Altitude Depression","$189.16","megajoules per square foot (MJ/ft²)","d:\users\dorisnervo\nervous-altitude-depression.gif","34"
"8","BUSWUDZ-924-99930-HAR","Harley Magellanic Stream Proportion","$1,565.90","pixel (px)",,"11"
"9","MAGNE-KCGKSO-2907-37160","Magnetic Relativity Boards","$1,587.53","yard (yd)","d:\users\kimbermagne\magnetic-relativity-boards.bmp","2"
"10","4590-NRKQUQ-986-FABULO","Fabulous Shell Extraction","$20,075.96","kilowatt hours per square meter (kWh)","c:\users\sean4590\fabulous-shell-extraction.bmp","49"
"11","952-10840-SXJAJ-AUT","Authentic Level Satisfaction","$177.70","gallon (gal)","d:\users\britta952\authentic-level-satisfaction.png","25"
"12","894880-JQBYDCY-5457-ANO","Anonymous Solar Nebulae Operator","$31,248.37","candelas per square meter (cd/m²)","c:\users\alexan894880\anonymous-solar-nebulae-operator.jpeg","10"
"13","9900-582880-PTDWCDT-WIL","Wiley Coronographic Imaging Profession","$13,184.08","megajoules per square foot (MJ/ft²)","d:\users\doroth9900\wiley-coronographic-imaging-profession.jpg","25"
"14","10780-RHJEJ-9669-DRAM","Dramatic Descending Confusion","$198.23","amperes per square meter (A/m²)","d:\users\josie10780\dramatic-descending-confusion.bmp","30"
"15","CEL-OZFZTJB-8455-72180","Celtic Inclination","$30,058.08","milliwatt (mW)",,"44"
"16","WIL-7053100-OPLNUFP-2329","Wiley Water Replication","$1,766.89","calorie (cal)","c:\users\hannawil\wiley-water-replication.gif","33"
"17","FANTAST-NQFNKIKL-3289-3380","Fantastic Emerging Transaction","$868.60","ohm (Ω)","c:\users\russelfantast\fantastic-emerging-transaction.gif","9"
"18","MISCELL-1601-158790-NSXQTU","Miscellaneous Supergalactic Longitude Signal","$2,073.83","pixel (px)","c:\users\melanimiscell\miscellaneous-supergalactic-longitude-signal.ico","34"
"19","1540-875670-ZVYCOMLW-PRECI","Precious Trans-Plutonian Destruction","$8,997.27","megaVolt (MV)","d:\users\isaiah1540\precious-trans-plutonian-destruction.ico","38"
"20","7637-2750-BQAUR-FAM","Famous Herbig Ae/Be Navigator","$11,381.60","foot (ft)","d:\users\kevin7637\famous-herbig-ae/be-navigator.gif","38"
"21","ARTIS-8791-91880-RMSXHR","Artistic Gravity Darkening Permission","$881.45","foot pounds per second (ftlbs/sec)",,"20"
"22","STAT-ROURW-5561-6310","Static Sunspot Imagination","$2,341.00","cycles per hour (cph)",,"41"
"23","CUR-4722160-ZUCLVVM-368","Curious Population Cepheid Conventional","$1,164.74","inch (in)","d:\users\marycur\curious-population-cepheid-conventional.ico","4"
"24","167-42150-VVEUWFO-FAM","Famous Fundamental Translation","$40,469.01","therms per hour (therm/h)","d:\users\jackso167\famous-fundamental-translation.jpeg","28"
"25","NUMERO-GRVWB-515-705370","Numerous Domain (string Theory) Function","$369.95","kilobtu (kBTU)",,"37"
"26","OBV-305-7337440-JLFCQEF","Obvious Compactification","$404.45","quart (qt)","d:\users\seanobv\obvious-compactification.jpg","49"
"27","SYNTH-SLPCRWFH-634-29840","Synthetic Comet Nutritional","$1,302.65","cubic meter (m³)","d:\users\ruthsynth\synthetic-comet-nutritional.gif","36"
"28","LFDGIV-618-722280-CONTINU","Continuous Interferometry Union","$9,240.11","petabyte (PB)",,"14"
"29","HAR-546910-KLEBBEUM-608","Harley Formulae Edition","$16,395.92","square kilometer (km²)","c:\users\erikhar\harley-formulae-edition.png","47"
"30","HARL-QJOVX-7773-779110","Harley Extended Collaboration","$382.51","month (mo)","c:\users\kathyharl\harley-extended-collaboration.bmp","34"
"31","645790-XQZHTPMW-3663-TREMEND","Tremendous Primordial Black Reflection","$26,542.12","therms per hour (therm/h)","c:\users\victor645790\tremendous-primordial-black-reflection.png","11"
"32","LZQTA-5862-65100-ANONYMO","Anonymous Individual Planetary Nebulae Arbitration","$7,614.06","volt ampere (VA)","c:\users\stevenlzqta\anonymous-individual-planetary-nebulae-arbitration.png","31"
"33","ART-8320-GWIZEHY-8293","Artistic Syzygy Appreciation","$46,887.91","kilojoules per hour (kJ/h)","d:\users\stephaart\artistic-syzygy-appreciation.jpg","20"
"34","AQUA-2236-4612310-NDIUL","Aquatic Protection","$24,641.87","mile (mi)",,"47"
"35","HAZ-854570-IOOSQFOV-6672","Hazardous Active Collaboration","$367.52","centimeter (cm)","c:\users\joyhaz\hazardous-active-collaboration.ico","20"
"36","1699-817690-FRZLEY-FAB","Fabulous Diffuse Nebulae Limitation","$27,731.42","megajoule (MJ)","d:\users\eugene1699\fabulous-diffuse-nebulae-limitation.ico","6"
"37","8038-87380-XFPNTQU-INFEC","Infectious Primary Journal","$953.89","pixel (px)","c:\users\jane8038\infectious-primary-journal.gif","26"
"38","SYS-6090-XXPQY-586","Systematic Hubble Precipitation","$2,548.13","ohm (Ω)",,"17"
"39","ACOUS-VNPOFCLX-8774-8100","Acoustic Density Model Violation","$273.48","henry (H)",,"15"
"40","MISCELL-4927-146120-MLDWVKCA","Miscellaneous Occulting Religion","$7,115.16","milligram (mg)",,"24"
"41","XYXHZ-4911-5513270-CUR","Curious Head-tail Editor","$8,665.21","yard (yd)","d:\users\claudixyxhz\curious-head-tail-editor.png","39"
"42","ARCT-2485-4345160-TQJHH","Arctic Zenith Hourly Specification","$3,652.08","farad (F)","c:\users\delilaarct\arctic-zenith-hourly-specification.bmp","29"
"43","AUTHE-MTYUUU-384-2310","Authentic Phase Identification","$14,171.64","microsecond (us)",,"38"
"44","NUME-BMXZO-726-9820","Numerous Galactic Distribution","$2,064.50","square yard (yd²)","d:\users\jaimenume\numerous-galactic-distribution.jpg","40"
"45","8390-BPPUBGGA-4336-CURIO","Curious Milky Formation","$8,177.27","megaVolt (MV)","c:\users\alisa8390\curious-milky-formation.bmp","3"
"46","JHNSEHV-5184-317650-VAL","Valley Extreme Carbon Signal","$982.56","watts per square meter irradiance (W/m²)",,"26"
"47","MISCEL-4976-32130-MJDIWFMD","Miscellaneous Gravitational Instability Crossword","$959.92","square mile (mile²)",,"48"
"48","9505-2865990-RGCARQ-BRAD","Bradley Orientation","$902.52","volt ampere hour (VAh)","c:\users\alyssa9505\bradley-orientation.jpg","40"
"49","PREV-DIBIXAH-2466-826580","Previous Radio Astronomy Election","$373.92","joules per square meter (J/m²)",,"31"
"50","WIL-116-7792870-NAPKTIUS","Wiley Lunar Geochronology Consultation","$1,539.70","kilojoules per hour (kJ/h)","c:\users\camillwil\wiley-lunar-geochronology-consultation.bmp","27"
"51","QHAOQBHD-781-51990-WES","Wesley Johnson Photometry Representation","$384.49","megabyte (MB)","d:\users\julietqhaoqbhd\wesley-johnson-photometry-representation.jpeg","42"
"52","DANG-9932160-NLCMZD-635","Dangerous Lacertae Operation","$18,129.55","square inch (in²)","c:\users\megandang\dangerous-lacertae-operation.jpeg","46"
"53","ATH-322530-MBUPF-5957","Athletic Solar Photosphere Protection","$1,729.82","btu (BTU)","d:\users\benjamath\athletic-solar-photosphere-protection.gif","49"
"54","OPQMFHN-5483-7170-THERAPEUT","Therapeutic Apollo Group Advisor","$18,885.47","hertz (Hz)",,"34"
"55","DRFOVUNQ-7890-2660-ASH","Ashley Level Encryption","$1,983.26","cubic foot (ft³)","c:\users\leodrfovunq\ashley-level-encryption.gif","1"
"56","4430-PZFGTGBU-7694-REAL","Realistic Infrared Astronomy Rotation","$45,969.38","kilowatt (kW)",,"43"
"57","EXOT-497910-NOVJLG-9330","Exotic Solar Transition Region","$20,939.31","byte (B)",,"6"
"58","WESL-3346000-EDGQUHJ-5769","Wesley Polar Orbit Fruit","$3,003.77","farad (F)",,"43"
"59","ZLNIJJS-1437-4220-SERI","Serious Herbig Ae/Be Precipitation","$9,675.22","megabtu (MBTU)","c:\users\stevenzlnijjs\serious-herbig-ae/be-precipitation.png","24"
"60","829430-CFIUVPSL-1584-REL","Religious Resolution","$1,217.82","square yard (yd²)","c:\users\cheryl829430\religious-resolution.jpg","27"
"61","DOME-NWAKZ-1674-765320","Domestic Identification","$784.42","cubic meter (m³)","d:\users\erikdome\domestic-identification.png","13"
"62","FAM-XCJVPJ-8004-596340","Famous Recurrent Novae Elimination","$3,019.46","kiloVolt (kV)","c:\users\chelsefam\famous-recurrent-novae-elimination.jpg","50"
"63","7677-83110-NELLTTM-CEL","Celtic Funneling Injection","$446.62","hertz (Hz)","d:\users\averie7677\celtic-funneling-injection.png","11"
"64","DEMOC-4988-1606690-JIHXCP","Democratic Obliquity Ecliptic Inspector","$614.90","gram (g)","d:\users\alexandemoc\democratic-obliquity-ecliptic-inspector.png","49"
"65","ASH-80700-XSACBWDX-368","Ashley Kinematic Parallax Recognition","$1,699.80","milliwatt (mW)","c:\users\katherash\ashley-kinematic-parallax-recognition.ico","13"
"66","71120-YIILJOMV-617-BER","Berkeley Celestial Coordinate Session","$56,949.74","mile (mi)","d:\users\jade71120\berkeley-celestial-coordinate-session.jpeg","31"
"67","3513-8340-WZMHBB-FANT","Fantastic Photometry Keyboards","$2,251.77","megawatt hour (MWh)","c:\users\nathan3513\fantastic-photometry-keyboards.bmp","45"
"68","9934630-JGGJZG-122-INFECT","Infectious Eccentric Original","$4,940.44","kiloliter (kL)","d:\users\jewel9934630\infectious-eccentric-original.ico","3"
"69","351-3272420-VSSXNO-BAIL","Bailey Aperiodic Administrator","$444.47","square kilometer (km²)",,"44"
"70","AQUA-458250-IDTRSA-9035","Aquatic Solar X-ray Emission","$221.32","cubic foot (ft³)","c:\users\michelaqua\aquatic-solar-x-ray-emission.ico","29"
"71","31390-GISEGUVW-4227-GENET","Genetic Peculiar Variable Calculation","$345.67","month (mo)","c:\users\katie31390\genetic-peculiar-variable-calculation.ico","6"
"72","AUTHEN-76410-EXCIGCY-873","Authentic Blueshift Bedford","$4,562.50","kilojoules per hour (kJ/h)",,"42"
"73","DDNNYEVB-318-1850-NUME","Numerous Double-mode Penetration","$507.06","square millimeter (mm²)","c:\users\emilyddnnyevb\numerous-double-mode-penetration.gif","10"
"74","RVKTFR-691-84840-ACO","Acoustic Horizontal Branch Location","$773.60","kilovolt ampere (kVA)","c:\users\scarlervktfr\acoustic-horizontal-branch-location.png","27"
"75","4390-12250-WYLJWIJ-ART","Artistic Zeeman–Doppler Imaging Aboriginal","$705.74","cubic foot (ft³)","d:\users\robert4390\artistic-zeeman–doppler-imaging-aboriginal.gif","27"
"76","6332-2451020-NURRRPGI-AUTO","Automatic Neutron Preparation","$24,451.28","volt ampere hour (VAh)","d:\users\dale6332\automatic-neutron-preparation.gif","46"
"77","SERI-6265-9080-ZAORKA","Serious Extreme Horizontal Branch Reflection","$15,946.87","megaVolt (MV)","d:\users\donnaseri\serious-extreme-horizontal-branch-reflection.jpg","5"
"78","VALL-NGRHLG-3340-460320","Valley Interferometric Binary Oxford","$39,561.21","short ton (t)","d:\users\alexanvall\valley-interferometric-binary-oxford.png","31"
"79","325-8330-SDBHB-CURI","Curious Starlight Polarization","$2,021.18","kilowatts per square foot (kW/ft²)","d:\users\patric325\curious-starlight-polarization.jpg","1"
"80","QDCCVK-4386-476330-ATLA","Atlantic Gamma-ray Permission","$7,028.97","amperes per square meter (A/m²)","c:\users\stephaqdccvk\atlantic-gamma-ray-permission.bmp","19"
"81","AUT-1800-WQXSOZB-639","Authentic Stellar Composition","$223.88","hectoliter (hL)","d:\users\alexisaut\authentic-stellar-composition.bmp","13"
"82","PMDQQF-5730-777440-ATHL","Athletic Philosophy Astronomy Compression","$516.18","kilobtu (kBTU)",,"48"
"83","BRKBJFTA-3367-207820-DEMOC","Democratic Black Spin-flip Occupation","$503.89","minute (min)",,"47"
"84","STA-7100-213590-GTZYD","Stanley Geostationary Crossword","$2,851.19","kilovolt ampere hour (kVAh)","d:\users\kathrysta\stanley-geostationary-crossword.ico","22"
"85","SYS-26700-ADODG-148","Systematic Tidal Restoration","$4,607.83","farad (F)","c:\users\rogersys\systematic-tidal-restoration.ico","25"
"86","6830-YGKEKJH-1422-DIAG","Diagnostic Ionospheric Scintillation","$15,563.30","liter (L)","d:\users\magdal6830\diagnostic-ionospheric-scintillation.jpg","9"
"87","BER-7708900-AKLFOJ-857","Berkeley Density Model Verification","$525.99","centimeter (cm)","d:\users\ravenber\berkeley-density-model-verification.png","40"
"88","XSXMBZ-3162-795110-VAL","Valley Small Solar System Senator","$17,253.69","weber (Wb)",,"48"
"89","9736540-PFUGRZH-1569-THERAP","Therapeutic Reflection Nebulae Proposition","$22,939.43","terabyte (TB)",,"36"
"90","VARI-NPHPYFI-9463-3591270","Various Interferometric Binary Consideration","$3,192.94","square foot (ft²)","c:\users\erikvari\various-interferometric-binary-consideration.bmp","28"
"91","SERIO-OZWVN-7513-1240","Serious Space Arbitration","$327.12","watts per square meter (W/m²)","c:\users\trinitserio\serious-space-arbitration.ico","9"
"92","GOR-4279660-SMEJB-1871","Gorgeous Algol Variable Attention","$469.99","megajoules per square foot (MJ/ft²)","c:\users\joshuagor\gorgeous-algol-variable-attention.ico","32"
"93","DOM-4502-21950-RQHYPOK","Domestic Caustic Crossing Invision","$3,268.88","yard (yd)",,"42"
"94","4146490-XTFTKC-7638-ART","Artistic Solar System Formation","$2,588.97","joules per hour (J/h)",,"40"
"95","CHARACTERI-8270-SRTWCX-280","Characteristic Compact Nuclei Qualification","$2,887.82","kilohm (kΩ)","c:\users\zeldacharacteri\characteristic-compact-nuclei-qualification.ico","18"
"96","BAIL-1954540-WCOUM-9639","Bailey Stellar Composition","$1,282.95","grams per square meter (g/m²)","d:\users\yvettebail\bailey-stellar-composition.ico","12"
"97","190110-GMBTS-5843-PRE","Precious Cassegrain Avatar","$15,787.33","foot (ft)",,"32"
"98","BERKEL-36660-KEPAQ-456","Berkeley Cassegrain Playstation","$28,117.79","megajoules per hour (MJ/h)","c:\users\ryanberkel\berkeley-cassegrain-playstation.gif","48"
"99","75610-YZAUAN-3607-CHAR","Characteristic Quiescent Prominence Rehabilitation","$2,053.18","lux (lx)","d:\users\christ75610\characteristic-quiescent-prominence-rehabilitation.jpeg","47"
"100","LYZAYET-824-10110-SERIO","Serious Gamma-ray Astronomy Fiction","$2,047.06","kilobtu per square foot (kBTU/ft²)","c:\users\lorilyzayet\serious-gamma-ray-astronomy-fiction.ico","38"
"101","836-9709730-UMUEGARK-SYNTHE","Synthetic String Phenomenology Citation","$1,338.79","milligram (mg)","c:\users\bryant836\synthetic-string-phenomenology-citation.bmp","44"
"102","ATHLET-4288-499030-OULDPSAL","Athletic Delta Isolation","$43,391.11","foot pounds per second (ftlbs/sec)","c:\users\jerryathlet\athletic-delta-isolation.jpg","25"
"103","AUTH-308-47500-ELECEIKJ","Authentic Heliosphere Interstellar Medium Prediction","$93,323.12","therms per hour (therm/h)","c:\users\hannaauth\authentic-heliosphere-interstellar-medium-prediction.jpg","5"
"104","2789-5721860-NCXBNUA-NERV","Nervous Galaxy Rotation","$511.25","weber (Wb)","d:\users\alice2789\nervous-galaxy-rotation.gif","4"
"105","CUR-3760330-KREVKN-4308","Curious Michelson Interferometry Equation","$115.64","megavolt ampere hour (MVAh)","d:\users\eugenecur\curious-michelson-interferometry-equation.gif","41"
"106","RWPJXMG-1842-96000-DIA","Diagnostic Earth-moon System Emotional","$45,941.29","joules per hour (J/h)","d:\users\brendarwpjxmg\diagnostic-earth-moon-system-emotional.gif","3"
"107","9790-51870-YBJECJSN-DANG","Dangerous Stellar Stability Signal","$516.30","megaVolt (MV)","c:\users\crysta9790\dangerous-stellar-stability-signal.bmp","46"
"108","ACO-316-913310-WTDDL","Acoustic Tropopause Conventional","$427.91","kilopound (klb)","d:\users\angeliaco\acoustic-tropopause-conventional.bmp","30"
"109","9391400-MZSPCA-8475-BAIL","Bailey Orbital Evolution","$389.12","henry (H)",,"26"
"110","OYVMDZXN-5027-3605930-DANG","Dangerous Galaxy Distribution","$37,267.81","day day ()","c:\users\benjamoyvmdzxn\dangerous-galaxy-distribution.bmp","39"
"111","GEN-3820-4090-DQHROLR","Genetic Abell Institutional","$20,278.35","meter (m)","c:\users\jeffregen\genetic-abell-institutional.jpg","16"
"112","PREVIO-1473-5115460-UZOFBV","Previous Stellar Evolution","$3,905.97","petabyte (PB)",,"23"
"113","QNROBZF-283-662300-OBVI","Obvious Azimuth Variation","$817.42","byte (B)","c:\users\janiceqnrobzf\obvious-azimuth-variation.bmp","18"
"114","GEN-QDEVQBNA-1418-800110","Genetic Modified Newtonian Intervention","$3,663.92","kilovolt ampere hour (kVAh)","c:\users\mitchgen\genetic-modified-newtonian-intervention.jpg","34"
"115","9170-QFYUFQ-3672-BRA","Bradley Apparent Position","$39,696.29","hour (hr)","c:\users\dougla9170\bradley-apparent-position.bmp","38"
"116","697420-FECWI-832-CHARACT","Characteristic Forbush Effect","$1,758.58","foot pounds per second (ftlbs/sec)","d:\users\karl697420\characteristic-forbush-effect.gif","49"
"117","9435-47590-TMMCGBPO-ANO","Anonymous Quadrature Designation","$82,671.43","coulomb (C)","d:\users\dylan9435\anonymous-quadrature-designation.gif","42"
"118","WQNAWWLT-8287-9431920-SYST","Systematic Early-type Emission","$1,567.81","cubic foot (ft³)","d:\users\stevenwqnawwlt\systematic-early-type-emission.jpg","22"
"119","FVHSPH-1932-858150-MISCELL","Miscellaneous Great Attractor Reproduction","$4,105.18","year (yr)","c:\users\angelifvhsph\miscellaneous-great-attractor-reproduction.gif","47"
"120","1026-9230-XBFBI-ASH","Ashley Interstellar Radiation Field Towards","$782.82","square mile (mile²)","c:\users\helen1026\ashley-interstellar-radiation-field-towards.png","46"
"121","9775-42820-AKUNYZYF-DIAGN","Diagnostic Curvature Factor","$26,120.41","microsecond (us)",,"40"
"122","AUTO-99640-ULJJHAL-5620","Automatic Ixion","$8,812.52","square foot (ft²)",,"11"
"123","DEMOCR-8406-9261130-OOJUZCHM","Democratic Quantum Gravity Exceptional","$758.43","inch (in)","c:\users\marishdemocr\democratic-quantum-gravity-exceptional.bmp","5"
"124","ARCT-TWDHQ-7816-77740","Arctic Lunar Origin Vocational","$10,367.09","kilopound (klb)","d:\users\danaarct\arctic-lunar-origin-vocational.gif","46"
"125","80910-EHMDW-4490-ENO","Enormous Milky Formation","$134.04","coulomb (C)","d:\users\alexan80910\enormous-milky-formation.ico","22"
"126","4357-46380-LJWZUL-CHARAC","Characteristic Alpha Cygni Retention","$144.97","square kilometer (km²)","c:\users\meliss4357\characteristic-alpha-cygni-retention.jpeg","30"
"127","XMMLLX-3732-586360-AUTOMAT","Automatic Shadow Moderator","$1,165.73","square centimeter (cm²)","d:\users\livxmmllx\automatic-shadow-moderator.bmp","43"
"128","7676-499750-LSBRSKI-INDI","Indigenous Silicon Monoxide Advisor","$911.66","kilowatt (kW)","d:\users\aaron7676\indigenous-silicon-monoxide-advisor.gif","26"
"129","EAFYSC-996-396770-EROT","Erotic Luminosity Function","$22,558.14","centimeter (cm)","c:\users\wayneeafysc\erotic-luminosity-function.ico","3"
"130","272-8970-DFMELU-SERIO","Serious Short Period Variable Prescription","$5,714.25","megohm (MΩ)",,"37"
"131","ARC-5697-94910-PLABITSG","Arctic Kappa Mechanism Exception","$24,388.76","grams per square meter (g/m²)",,"26"
"132","ATLANT-418-660190-FNQGQV","Atlantic Delta Delphini Attraction","$24,012.89","milliVolt (mV)","d:\users\daleatlant\atlantic-delta-delphini-attraction.jpeg","2"
"133","AUTOM-3849-362220-JPYXZVL","Automatic Telescopii Bradford","$993.47","kilobtu (kBTU)","d:\users\lindaautom\automatic-telescopii-bradford.gif","39"
"134","TREMENDO-1900-NFXGUT-5306","Tremendous X-ray Constitution","$24,927.87","joule (J)","d:\users\roytremendo\tremendous-x-ray-constitution.png","7"
"135","NUMERO-WWFIDESZ-4339-15830","Numerous Runaway Additional","$444.29","megabtu (MBTU)","c:\users\cynthinumero\numerous-runaway-additional.gif","24"
"136","ARC-6450-3097310-WOZXJZL","Arctic Early-type Emission","$15,927.47","milliVolt (mV)","d:\users\karlarc\arctic-early-type-emission.bmp","8"
"137","3832-8755400-AZCJF-STAT","Static Photoelectric Magnitude Exceptional","$7,863.99","kilowatt hour (kWh)","c:\users\jamie3832\static-photoelectric-magnitude-exceptional.jpg","39"
"138","CON-69600-XOAHISX-6368","Conscious Scattered Limitation","$15,215.99","petabyte (PB)","c:\users\madisocon\conscious-scattered-limitation.jpeg","29"
"139","ATH-829-5445090-WGOCBT","Athletic Galactic Accretion","$1,033.27","farad (F)","c:\users\katherath\athletic-galactic-accretion.gif","47"
"140","6588-3598350-AAAVGWI-INDIGE","Indigenous Lemaitre Universe Record","$4,225.70","kilometer (km)","c:\users\abigai6588\indigenous-lemaitre-universe-record.jpg","3"
"141","IHCCH-402-8220-HARL","Harley Heavy Metal Religion","$1,036.60","month (mo)","c:\users\meganihcch\harley-heavy-metal-religion.jpg","48"
"142","1539-374990-AFKZX-AQUAT","Aquatic Gamma-ray Translator","$683.31","joule (J)",,"8"
"143","9627-8562570-BTCUW-PRECIO","Precious Heliopause Activation","$97,593.57","volt ampere (VA)","c:\users\claren9627\precious-heliopause-activation.jpg","7"
"144","OBVI-9855-172070-HAHEG","Obvious Dwarf Education","$542.44","square millimeter (mm²)",,"23"
"145","EROT-DZMFRW-8425-6267340","Erotic Trans-Neptunian Space Contribution","$751.00","pixel (px)",,"27"
"146","JTSRK-5526-45360-DEMOCRA","Democratic Frozen Generation","$2,627.55","horsepower (hp)","c:\users\ralphjtsrk\democratic-frozen-generation.png","5"
"147","KMJNEM-8710-869060-DELI","Delicious Brown Adaptation","$19,393.72","megavolt ampere hour (MVAh)",,"18"
"148","MYS-SJYFQGLD-2039-74290","Mysterious Single X-ray Delegation","$4,327.25","foot (ft)","c:\users\seanmys\mysterious-single-x-ray-delegation.ico","16"
"149","TREMENDO-CVQACCTW-5843-1360","Tremendous Einstein Edition","$219.64","liter (L)",,"5"
"150","ATL-345870-DZPBEVWQ-9175","Atlantic Binary Factor","$14,332.52","milliVolt (mV)","d:\users\benjamatl\atlantic-binary-factor.gif","34"
"151","BFBIJD-893-140470-FAB","Fabulous Carbon Flash Exceptional","$8,696.96","square yard (yd²)","d:\users\charlebfbijd\fabulous-carbon-flash-exceptional.jpg","19"
"152","8614560-EQTSBWKR-8572-CONSCI","Conscious Zero-age Sequence Composition","$29,412.84","kilobtu (kBTU)","d:\users\stephe8614560\conscious-zero-age-sequence-composition.bmp","6"
"153","8747-8769190-EDQBGA-MYSTER","Mysterious Small Solar System Association","$341.07","volts (V)",,"7"
"154","GENE-TZHRUEK-8721-623840","Generous Shadow Elimination","$2,692.28","gigajoule (GJ)","c:\users\lidagene\generous-shadow-elimination.png","17"
"155","PBCIRT-5703-90930-DEMOCRA","Democratic Pulsar Director","$3,859.66","megabyte (MB)","d:\users\vivianpbcirt\democratic-pulsar-director.ico","27"
"156","WIL-FPSMQ-674-847420","Wiley Fanaroff-Riley Radio Consideration","$6,265.65","minute (min)","d:\users\geraldwil\wiley-fanaroff-riley-radio-consideration.jpg","23"
"157","FAN-8090-JFFPYR-2054","Fantastic Early-type Emission","$46,057.33","short ton (t)","c:\users\alexafan\fantastic-early-type-emission.bmp","38"
"158","TREMEN-QYHYUZ-360-24860","Tremendous Chthonian Division","$38,154.79","watts per square meter irradiance (W/m²)",,"9"
"159","FANTAST-3255-827840-ORGXE","Fantastic Zero-age Horizontal Branch Compression","$437.16","megawatt (MW)",,"45"
"160","VAL-6848-137140-ZFXYB","Valley Solar System Introduction","$95,835.68","year (yr)","d:\users\oliverval\valley-solar-system-introduction.jpeg","48"
"161","6134-442900-ULMROB-GOR","Gorgeous Stellar Accretion","$4,338.08","meter (m)",,"38"
"162","BAIL-725750-CBVJQIH-590","Bailey Astrographic Tension","$15,264.47","millimeter (mm)",,"30"
"163","IMHJLCSK-847-4322150-GORGEO","Gorgeous Measurement Promotional","$207.34","petabyte (PB)","d:\users\joyimhjlcsk\gorgeous-measurement-promotional.jpeg","33"
"164","THE-BFAQBKYX-6633-519500","Therapeutic Irregular Processor","$457.83","year (yr)","c:\users\ronaldthe\therapeutic-irregular-processor.png","4"
"165","VAL-8446520-XCUSSPM-5777","Valley Stellar Tribunal","$2,531.89","metric ton (ton)",,"24"
"166","8113200-BGAFVZNI-6174-REALIS","Realistic Single Contamination","$2,469.00","liter (L)","c:\users\laura8113200\realistic-single-contamination.jpeg","44"
"167","SYNTH-6536-6999440-ZFWPTIE","Synthetic Deucalion","$451.08","quart (qt)","d:\users\ravensynth\synthetic-deucalion.bmp","1"
"168","DANG-53240-YKYTCCNT-9685","Dangerous Ionospheric Scintillation","$816.63","fluid ounce (fl oz)","c:\users\raymondang\dangerous-ionospheric-scintillation.ico","4"
"169","GORGE-7400-RXAFX-736","Gorgeous Lunar Gravitational Field Publication","$449.33","micrometer (um)",,"25"
"170","SERIO-68170-FFNNP-7205","Serious Radar Astronomy Suggestion","$969.28","lux (lx)",,"19"
"171","2810-99850-WETXOT-ROM","Romantic Resonant Kuiper Mission","$589.17","kilogallon (kgal)",,"40"
"172","DOMEST-2190-KIZILUXI-2725","Domestic Delta Delphini Organisation","$942.34","lux (lx)","d:\users\abbydomest\domestic-delta-delphini-organisation.gif","4"
"173","886-1342360-DJVYWKT-MISCELLANEO","Miscellaneous Low-luminosity Interpretation","$172.81","square inch (in²)","d:\users\michel886\miscellaneous-low-luminosity-interpretation.ico","14"
"174","MIS-EPXSU-894-133010","Miscellaneous Individual Planetary Nebulae Fruit","$919.79","ohm (Ω)",,"6"
"175","WHLJLS-946-575700-GEN","Genetic Protoplanetary Nebulae Representation","$769.22","cubic foot (ft³)","c:\users\larrywhljls\genetic-protoplanetary-nebulae-representation.ico","15"
"176","DHNOLDKG-7185-2335880-ATLAN","Atlantic Post-main Sequence Supervisor","$807.28","pint (pt)","c:\users\ralphdhnoldkg\atlantic-post-main-sequence-supervisor.ico","7"
"177","4790-OUCNH-1955-RELIGI","Religious Ejecta Reservation","$220.91","megohm (MΩ)","d:\users\bailey4790\religious-ejecta-reservation.bmp","1"
"178","ERO-55300-ISZPOMC-383","Erotic Quiescent Prominence Location","$6,775.05","decibel (db)","d:\users\anabelero\erotic-quiescent-prominence-location.jpg","18"
"179","910-415510-RNOONALF-BRA","Bradley Early-type Variable Declaration","$12,031.18","amperes per meter (A/m)","d:\users\doroth910\bradley-early-type-variable-declaration.png","38"
"180","131-5045130-GALVRNRT-ERO","Erotic Two-color Direction","$6,089.59","gallon (gal)","c:\users\nicole131\erotic-two-color-direction.gif","8"
"181","WIL-5901-3610-CGQRQ","Wiley Gravitational Disruption","$9,900.83","candelas per square meter (cd/m²)","d:\users\roywil\wiley-gravitational-disruption.jpg","38"
"182","55030-MTWQSG-9396-STA","Static Opposition","$636.80","year (yr)","c:\users\toki55030\static-opposition.bmp","27"
"183","1970-GFRLPPB-7188-SYSTE","Systematic Transfer Expiration","$10,027.57","kilobtu (kBTU)","d:\users\denise1970\systematic-transfer-expiration.jpeg","43"
"184","INFEC-903440-NQHXKZTF-566","Infectious Anomalistic Month Union","$4,247.93","month (mo)","d:\users\jeffreinfec\infectious-anomalistic-month-union.bmp","37"
"185","DRAMA-OANXPA-559-61450","Dramatic Stellar Black Discrimination","$293.55","kilojoule (kJ)",,"4"
"186","5830-BANDU-8090-STAT","Static Vulpeculae Motion","$921.69","decibel (db)","c:\users\marie5830\static-vulpeculae-motion.jpeg","35"
"187","142-65110-FEJBR-THERAPEU","Therapeutic Pulsating Variable Consultation","$426.68","kilograms per square meter (kg/m²)","c:\users\ann142\therapeutic-pulsating-variable-consultation.bmp","48"
"188","INFECT-9444-3870-NIMXQO","Infectious Solar Chromosphere Compilation","$13,840.46","millimeter (mm)",,"3"
"189","DAN-21400-YEOSDC-156","Dangerous Photon Decoupling Appreciation","$2,097.14","watt hour (Wh)","d:\users\dorothdan\dangerous-photon-decoupling-appreciation.png","32"
"190","IQMIX-223-2820-STANL","Stanley Einstein Effect","$80,395.82","kilobyte (kB)","d:\users\sophieiqmix\stanley-einstein-effect.jpeg","42"
"191","62510-WOIIOQR-9906-STA","Static Zero-age Sequence Seasonal","$24,071.02","metric ton (ton)",,"12"
"192","HAZARDO-3197-7650-GPNJEBXL","Hazardous Comparison Observation","$24,855.76","pound (lb)","c:\users\scotthazardo\hazardous-comparison-observation.ico","2"
"193","ASH-ONTOIMP-6139-66640","Ashley Solstice Advisor","$3,960.26","kilobtus per hour per square foot (kB)",,"8"
"194","ASHL-INVST-3960-1484790","Ashley Alpha Photometry Conversation","$20,209.61","square centimeter (cm²)","d:\users\nicholashl\ashley-alpha-photometry-conversation.jpeg","38"
"195","64010-ZSRJIWVW-6769-NERVO","Nervous Corona Auction","$17,729.84","minute (min)","c:\users\nichol64010\nervous-corona-auction.jpeg","25"
"196","STAT-3479000-RXHSVYA-9233","Static Photovisual Magnitude Mentor","$6,036.86","milliwatt (mW)",,"18"
"197","GENET-765890-CFUZW-215","Genetic Radiative Transfer Prediction","$33,224.10","volt ampere hour (VAh)","d:\users\jacksogenet\genetic-radiative-transfer-prediction.ico","49"
"198","VNVXUP-7414-25430-SERIO","Serious Matter Interaction","$15,918.64","therms per hour (therm/h)","d:\users\noahvnvxup\serious-matter-interaction.png","46"
"199","36700-DQYIA-1528-CELT","Celtic Caustic Crossing Nutrition","$659.85","square meter (m²)",,"18"
"200","TREME-LXSRYHO-5333-987250","Tremendous Inner Negotiation","$683.19","watt (W)",,"19"
"201","THERAPE-9074170-YKZYV-1378","Therapeutic Explosive Revelation","$56,580.60","megawatt (MW)","c:\users\brooketherape\therapeutic-explosive-revelation.ico","41"
"202","AZPBNHQ-4156-84830-SYNTH","Synthetic Ionized Interstellar Session","$3,189.41","therms per hour (therm/h)","d:\users\jeffreazpbnhq\synthetic-ionized-interstellar-session.bmp","32"
"203","1452930-VNGZAD-8979-SYNT","Synthetic Gravitational Lensing Constitution","$3,420.44","quart (qt)","d:\users\carla1452930\synthetic-gravitational-lensing-constitution.gif","26"
"204","4933-91490-TIWQY-BAI","Bailey Asteroseismology Invision","$3,226.44","volt ampere hour (VAh)","c:\users\averie4933\bailey-asteroseismology-invision.png","2"
"205","322-450450-UBPHZOMQ-ENO","Enormous Spectrophotometry Illustration","$669.50","megawatt (MW)","c:\users\lucy322\enormous-spectrophotometry-illustration.bmp","17"
"206","DIAGN-2376-71400-OHPPGUMW","Diagnostic Dense Interstellar Specification","$2,063.98","minute (min)","d:\users\irisdiagn\diagnostic-dense-interstellar-specification.png","10"
"207","WXSKW-8925-65670-WES","Wesley Hubble Constant Recommendation","$274.75","kilovolt ampere (kVA)","c:\users\lindawxskw\wesley-hubble-constant-recommendation.png","28"
"208","FANTA-OKNSLT-6404-6838930","Fantastic Hypernovae Citation","$33,394.61","second (sec)","c:\users\isaiahfanta\fantastic-hypernovae-citation.jpeg","46"
"209","DIAGNOST-902770-XLDLMEO-8813","Diagnostic Rogue Litigation","$584.60","square mile (mile²)","d:\users\sarahdiagnost\diagnostic-rogue-litigation.jpeg","14"
"210","GORGE-TMTQBSMU-8774-84350","Gorgeous Liner Sponsor","$647.76","watts per square meter (W/m²)","c:\users\waltergorge\gorgeous-liner-sponsor.gif","19"
"211","THER-281340-YSAVYMW-5637","Therapeutic Supernova Evolution","$14,131.70","volt ampere (VA)","c:\users\joanther\therapeutic-supernova-evolution.jpg","23"
"212","ARCT-FMSUHHI-4374-5520","Arctic Space Activation","$34,511.60","kilogallon (kgal)","c:\users\loganarct\arctic-space-activation.png","47"
"213","7056-3100-EGPISYV-DOM","Domestic Hubble Constant Organisation","$241.81","terabyte (TB)","d:\users\claren7056\domestic-hubble-constant-organisation.bmp","15"
"214","CONTINUO-GTOBH-205-7040","Continuous Three-body Problem Gratuit","$415.59","kilojoule (kJ)","c:\users\angelacontinuo\continuous-three-body-problem-gratuit.bmp","26"
"215","DIAGNOS-917-5711770-QWUPWRZA","Diagnostic Periodic Fraction","$24,021.68","kiloVolt (kV)","c:\users\chloediagnos\diagnostic-periodic-fraction.jpeg","25"
"216","CON-884080-CWIBJRZ-8298","Conscious Lenticular Password","$24,368.39","kilohertz (kHz)",,"34"
"217","2247-8220-MHDHPHP-DIA","Diagnostic Gravity Retardation","$704.79","mile (mi)",,"3"
"218","GENE-ZUGIMLX-1040-211940","Generous Individual Conversation","$624.11","candelas per square meter (cd/m²)","c:\users\jonathgene\generous-individual-conversation.png","40"
"219","2821-7103840-ASELXG-MAG","Magnetic Exact Contribution","$2,636.14","kilovolt ampere (kVA)","d:\users\dana2821\magnetic-exact-contribution.bmp","2"
"220","AUTHEN-939-63890-WDLHISFX","Authentic Stellar Black Corporation","$8,737.64","watts per square foot (W/ft²)","c:\users\heidiauthen\authentic-stellar-black-corporation.png","41"
"221","AEDSAFKN-5973-9760-DEMOCR","Democratic Degenerate Matter Permission","$480.77","cubic foot (ft³)",,"2"
"222","4782-7720-JCZMDE-SYN","Synthetic Neptunian Vision","$4,321.02","cubic millimeter (mm³)","c:\users\roger4782\synthetic-neptunian-vision.gif","46"
"223","6692-766310-SMOHF-GENE","Genetic Astrometry Consumption","$228.06","amperes per meter (A/m)","c:\users\joseph6692\genetic-astrometry-consumption.bmp","14"
"224","AQUA-579770-WKVIQZDP-9840","Aquatic Formulae Expansion","$44,388.45","joule (J)","c:\users\daleaqua\aquatic-formulae-expansion.ico","10"
"225","CRZNLO-3222-5400-REALI","Realistic Saturn Submission","$21,907.87","petabyte (PB)","d:\users\debracrznlo\realistic-saturn-submission.gif","20"
"226","OCPJBZ-3707-307750-GOR","Gorgeous Rotating Black Restriction","$1,075.94","btus per hour (BTU/h)","d:\users\clarenocpjbz\gorgeous-rotating-black-restriction.jpeg","25"
"227","CHOOA-5236-5100-CEL","Celtic Non-thermal Radiation","$287.63","hertz (Hz)","c:\users\averiechooa\celtic-non-thermal-radiation.png","37"
"228","89650-MTZNPDP-7640-PLA","Plastic Sitter Universe Rewards","$531.23","square mile (mile²)","c:\users\heidi89650\plastic-sitter-universe-rewards.png","31"
"229","HAZ-777560-QUGZXET-5851","Hazardous Catadioptric Conjunction","$17,638.61","terabyte (TB)","c:\users\katiehaz\hazardous-catadioptric-conjunction.gif","33"
"230","1994-7950-NZMHX-AUTOMAT","Automatic Lagrangian Limitation","$8,871.89","volts (V)","d:\users\megan1994\automatic-lagrangian-limitation.jpeg","31"
"231","868030-IXKFSYN-8742-HARL","Harley Solar Granulation","$4,910.94","amperes per square meter (A/m²)","c:\users\judy868030\harley-solar-granulation.gif","44"
"232","TJMCU-437-5739430-GORGEO","Gorgeous Umbra Inflation","$27,271.52","btus per hour (BTU/h)","c:\users\samueltjmcu\gorgeous-umbra-inflation.gif","15"
"233","3300-DYEUD-3181-PREVIO","Previous Holmium Termination","$27,485.54","millisecond (ms)","d:\users\sean3300\previous-holmium-termination.jpg","1"
"234","WAXQT-151-175680-DRAMA","Dramatic Cosmic Conditional","$18,996.71","gigawatt (GW)","c:\users\lillywaxqt\dramatic-cosmic-conditional.gif","6"
"235","4875-131180-WFQLE-IND","Indigenous Visibility Function","$521.72","farad (F)","d:\users\zachar4875\indigenous-visibility-function.png","47"
"236","GORGE-AFHMYJ-2583-1122160","Gorgeous Baade-Wesselink Method Guitar","$17,214.37","watt (W)","c:\users\bobbygorge\gorgeous-baade-wesselink-method-guitar.jpeg","46"
"237","FANTAST-7056560-NPPNU-8326","Fantastic Two-spectrum Binary Direction","$891.34","kilobtus per hour per square foot (kB)","c:\users\laurafantast\fantastic-two-spectrum-binary-direction.gif","11"
"238","NUMERO-902660-OIHMI-503","Numerous Frozen Subdivision","$46,615.23","gallon (gal)","c:\users\danielnumero\numerous-frozen-subdivision.jpeg","1"
"239","DRAMAT-DDNVN-1665-184600","Dramatic Steady-state Theory Notion","$536.32","kilohm (kΩ)",,"40"
"240","6948-1220-DVKFCK-HAR","Harley Contiuum Radio Emission","$2,001.29","petabyte (PB)","c:\users\cather6948\harley-contiuum-radio-emission.png","41"
"241","4893-709890-BULLAJ-PLAS","Plastic Distance Intersection","$253.83","milliwatt (mW)",,"47"
"242","WES-704400-PMRIJTHR-1411","Wesley Isotopic Abundance Vocational","$10,929.22","megajoules per hour (MJ/h)","d:\users\donnawes\wesley-isotopic-abundance-vocational.gif","20"
"243","5280-WGNYIULI-5596-AUTO","Automatic Lunar Evolution","$45,041.39","volts per meter (V/m)","c:\users\frank5280\automatic-lunar-evolution.jpg","39"
"244","ASHL-OGZLTHTZ-636-52370","Ashley Cycle Doctor","$351.72","kilometer (km)","c:\users\catherashl\ashley-cycle-doctor.gif","49"
"245","4525-7873830-ILJIP-PRECIO","Precious Hydrogen Burning Terminal","$37,011.53","milliwatt (mW)","d:\users\dianna4525\precious-hydrogen-burning-terminal.ico","41"
"246","REL-53280-FJSXKN-2301","Religious Syzygy Reunion","$8,273.34","cubic yard (yd³)","c:\users\leorel\religious-syzygy-reunion.jpeg","50"
"247","STAT-5782460-JXIPPTCY-7360","Static Runaway Explanation","$459.59","terabyte (TB)",,"44"
"248","8083-2330-FMNJEB-BERKEL","Berkeley Dense Playstation","$239.73","coulomb (C)","d:\users\toki8083\berkeley-dense-playstation.jpeg","6"
"249","WIL-1209-81370-UXQYRDSL","Wiley String Phenomenology Recreation","$5,578.06","kilohm (kΩ)","c:\users\helenwil\wiley-string-phenomenology-recreation.gif","14"
"250","4020-TGXMR-9715-CUR","Curious Ejecta Sponsor","$1,163.44","megavolt ampere hour (MVAh)","d:\users\anthon4020\curious-ejecta-sponsor.ico","20"
"251","AUT-8829540-HRFBLUX-5680","Authentic Degenerate Emission","$657.18","cubic inch (in³)","c:\users\marieaut\authentic-degenerate-emission.gif","36"
"252","RELIGIO-9347220-YENUY-282","Religious Relativistic Binary Prevention","$4,835.19","volt ampere hour (VAh)","c:\users\aileenreligio\religious-relativistic-binary-prevention.bmp","11"
"253","CURI-8820-19200-RMPIFB","Curious X-ray Novae Proposition","$472.77","kilobtus per hour per square foot (kB)","c:\users\judycuri\curious-x-ray-novae-proposition.gif","26"
"254","4530-TJIVVIY-755-AUT","Automatic Phase Violation","$32,501.96","square millimeter (mm²)","c:\users\kelsey4530\automatic-phase-violation.png","28"
"255","ACOUST-IROGKHFO-153-557600","Acoustic Nuclear Subdivision","$774.47","megajoules per square foot (MJ/ft²)","d:\users\eileenacoust\acoustic-nuclear-subdivision.png","39"
"256","DEMOC-8558-707990-DEGLY","Democratic Accretion","$617.87","metric ton (ton)","c:\users\douglademoc\democratic-accretion.ico","44"
"257","243010-OAXKY-8557-MISC","Miscellaneous Lithium Vocational","$22,581.27","volt ampere hour (VAh)","d:\users\dale243010\miscellaneous-lithium-vocational.gif","28"
"258","AZUSPKK-6300-8380-FAMO","Famous Cosmic Inflation","$429.41","yard (yd)",,"36"
"259","AUTO-6560720-RXEJIMF-840","Automatic Asteroseismology Cards","$658.82","lumen (lm)","d:\users\brookeauto\automatic-asteroseismology-cards.png","37"
"260","13570-ANLBMNKG-2784-VARIO","Various Subgiant Actor","$938.76","watts per square foot irradiance (W/ft²)","d:\users\pamela13570\various-subgiant-actor.jpeg","2"
"261","8377-26610-FWJMBQ-REL","Religious Sunyaev-Zeldovich Effect","$25,941.92","therms per hour (therm/h)","c:\users\bailey8377\religious-sunyaev-zeldovich-effect.gif","44"
"262","1940-SGGYND-355-INFEC","Infectious Solar Storm Rational","$14,158.97","henry (H)","d:\users\alexan1940\infectious-solar-storm-rational.jpeg","27"
"263","9664880-RRCCYNEO-8728-FAN","Fantastic Osculatory Qualification","$24,110.00","mile (mi)",,"12"
"264","1013460-WWGNQHY-6637-OBVIO","Obvious North Ecliptic Perception","$983.11","cubic yard (yd³)",,"22"
"265","ATHLE-88910-GRUXWJ-7804","Athletic Interstellar Motor","$480.41","millimeter (mm)","d:\users\zoeyathle\athletic-interstellar-motor.jpg","49"
"266","FAM-JIRZGM-9378-93290","Famous Apohele Group Tribunal","$404.41","btus per hour (BTU/h)","d:\users\hannafam\famous-apohele-group-tribunal.gif","34"
"267","INDIG-DWTZMS-5456-44110","Indigenous Ultraviolet Astronomy Reputation","$4,611.04","lumen (lm)","d:\users\aileenindig\indigenous-ultraviolet-astronomy-reputation.png","16"
"268","9750-ZTQYWEQC-4392-MIS","Miscellaneous Asymptotic Giant Branch Accommodation","$1,757.92","amperes per meter (A/m)","d:\users\ralph9750\miscellaneous-asymptotic-giant-branch-accommodation.bmp","13"
"269","2118-42240-HOBHKT-NUMER","Numerous Diffuse X-ray Background Resolution","$226.79","square inch (in²)","c:\users\daniel2118\numerous-diffuse-x-ray-background-resolution.bmp","16"
"270","GORGE-2989-9196240-NVRDZPGV","Gorgeous Parallax Immigration","$906.41","kilohertz (kHz)","d:\users\ambergorge\gorgeous-parallax-immigration.png","9"
"271","177-307860-AVLYYRGN-VARIO","Various Semiregular Circulation","$292.66","gram (g)",,"39"
"272","4033420-NAVXVMJK-282-DANGERO","Dangerous Galactic Center Collection","$123.73","megajoules per hour (MJ/h)","c:\users\lucy4033420\dangerous-galactic-center-collection.jpg","35"
"273","SER-819-516340-EFHEHJQ","Serious Recurrent Novae Fiction","$2,500.33","cubic foot (ft³)","d:\users\josieser\serious-recurrent-novae-fiction.jpg","39"
"274","ADHKFPB-364-8290-ENORM","Enormous Relaxation","$14,433.59","amperes per meter (A/m)","c:\users\kimberadhkfpb\enormous-relaxation.png","4"
"275","5933-8980-MZSTLCO-ROMAN","Romantic South Ecliptic Medication","$1,504.82","nanosecond (ns)","d:\users\angeli5933\romantic-south-ecliptic-medication.ico","2"
"276","569790-UOMDI-4237-DEMOCR","Democratic Bianchi Cosmology Visitor","$4,272.90","watts per square meter (W/m²)","d:\users\alisa569790\democratic-bianchi-cosmology-visitor.gif","40"
"277","3216280-TCKBZZ-5660-CON","Continuous Wilson-Bappu Effect","$4,444.55","kilowatts per square foot (kW/ft²)","c:\users\andrea3216280\continuous-wilson-bappu-effect.jpg","21"
"278","TREM-2263140-OICKH-8958","Tremendous Intergalactic Medium Resolution","$10,168.21","horsepower (hp)",,"4"
"279","5319080-SEUOF-738-WIL","Wiley Ultraviolet Color Mission","$161.00","coulomb (C)",,"2"
"280","8545-35550-NHZYH-DRA","Dramatic Astrometric Binary Transmission","$509.14","kilowatt (kW)","c:\users\evelyn8545\dramatic-astrometric-binary-transmission.jpeg","39"
"281","CYXGRA-3138-6250240-CONSCI","Conscious Gravitational Astronomy Registration","$23,022.62","hertz (Hz)","d:\users\joancyxgra\conscious-gravitational-astronomy-registration.jpeg","39"
"282","50630-HMQYW-4767-DELIC","Delicious Phase Application","$5,690.27","megawatt (MW)","c:\users\cheryl50630\delicious-phase-application.jpeg","14"
"283","NUME-693-4510-VJKHLC","Numerous Angular Resolution","$347.50","cycles per minute (cpm)","c:\users\haroldnume\numerous-angular-resolution.jpeg","12"
"284","CONSCI-887-9400-PVKDFI","Conscious Limiting Magnitude Restriction","$330.86","volt ampere hour (VAh)","d:\users\leoconsci\conscious-limiting-magnitude-restriction.png","21"
"285","SER-4295-576460-WFBDMLJ","Serious Lunar Mineralogy Revision","$3,866.94","gigawatt (GW)","d:\users\eugeneser\serious-lunar-mineralogy-revision.gif","21"
"286","981740-PTHZFJUR-5215-MAGN","Magnetic Luminosity Classification","$22,251.86","hecto cubic foot (hft³)","c:\users\lauren981740\magnetic-luminosity-classification.ico","26"
"287","ASHL-8131-7260-TQPNM","Ashley Formulae Retention","$8,608.74","kilogram (kg)","d:\users\johnashl\ashley-formulae-retention.jpeg","24"
"288","BERKE-988-1137280-WQSWU","Berkeley Noise Suggestion","$437.38","kilobyte (kB)","c:\users\bobbyberke\berkeley-noise-suggestion.png","21"
"289","CONTINUO-QPYOK-1476-67250","Continuous Supernova Detection","$3,247.51","gigabyte (GB)","c:\users\adriancontinuo\continuous-supernova-detection.jpg","25"
"290","9749-57870-PCVIWGEW-MISCELLA","Miscellaneous Mach-Zehnder Tripadvisor","$902.38","kilohertz (kHz)","d:\users\anabel9749\miscellaneous-mach-zehnder-tripadvisor.gif","46"
"291","UTRYAVU-2676-169840-BERK","Berkeley Variable Gratuit","$2,440.58","watts per square meter (W/m²)","d:\users\ronaldutryavu\berkeley-variable-gratuit.ico","10"
"292","9315-725080-QYUHYMY-SYN","Synthetic Core-collapse Supernovae Journal","$3,934.60","kilobtu per square foot (kBTU/ft²)","c:\users\george9315\synthetic-core-collapse-supernovae-journal.bmp","10"
"293","QXROMHZF-358-3490010-COSMET","Cosmetic Reissner–Nordström Black Calculation","$176.86","gigawatt (GW)",,"23"
"294","CUR-QNOTFP-117-150920","Curious Summer Solstice Sponsor","$3,900.41","ounce (oz)","d:\users\alisacur\curious-summer-solstice-sponsor.png","20"
"295","GORGEO-2125000-XUAMLSJV-5507","Gorgeous Newtonian Moderator","$18,655.73","kilovolt ampere hour (kVAh)",,"26"
"296","4028-72320-XSHHOGOF-WESL","Wesley Compact Radiation","$772.74","kilogallon (kgal)",,"45"
"297","ACOUST-VIQAU-9401-9370","Acoustic Ionized Interstellar Intention","$4,725.51","megohm (MΩ)",,"35"
"298","8700-BJKSAV-709-CURI","Curious Celestial Sphere Integration","$7,493.91","tesla (T)",,"23"
"299","4101-56640-TQHCAGI-ENORMO","Enormous Infrared Photometry Personal","$42,119.10","kilometer (km)","d:\users\macken4101\enormous-infrared-photometry-personal.ico","35"
"300","GEN-WQAGL-5648-3540","Genetic Eccentric Informational","$4,254.67","nanosecond (ns)","d:\users\angeligen\genetic-eccentric-informational.gif","39"
