"Id","RequestId","ProductId","Quantity"
"1","373","102","21"
"2","184","235","11"
"3","314","257","21"
"4","143","284","4"
"5","125","264","5"
"6","303","1","10"
"7","348","41","24"
"8","262","210","13"
"9","288","99","8"
"10","314","10","19"
"11","126","3","12"
"12","365","9","2"
"13","217","136","10"
"14","174","257","16"
"15","271","56","8"
"16","347","22","20"
"17","164","18","9"
"18","118","88","12"
"19","373","130","5"
"20","22","128","14"
"21","288","149","24"
"22","97","253","20"
"23","141","300","4"
"24","212","251","24"
"25","56","131","1"
"26","99","122","1"
"27","111","21","13"
"28","117","271","14"
"29","161","178","19"
"30","29","18","21"
"31","357","223","9"
"32","50","130","15"
"33","95","190","4"
"34","380","265","24"
"35","31","44","2"
"36","240","126","20"
"37","2","83","12"
"38","207","21","3"
"39","51","238","18"
"40","68","45","18"
"41","380","251","11"
"42","306","128","6"
"43","53","144","7"
"44","358","53","3"
"45","86","70","5"
"46","370","280","16"
"47","225","273","11"
"48","56","41","14"
"49","265","56","14"
"50","42","73","1"
"51","169","62","12"
"52","140","31","16"
"53","70","124","11"
"54","142","177","25"
"55","90","41","7"
"56","285","180","10"
"57","164","62","3"
"58","308","214","3"
"59","62","117","23"
"60","340","290","14"
"61","374","218","8"
"62","73","180","23"
"63","265","24","6"
"64","376","28","7"
"65","49","131","7"
"66","41","89","2"
"67","114","107","10"
"68","252","82","20"
"69","236","147","14"
"70","192","124","1"
"71","224","267","17"
"72","340","200","18"
"73","88","51","25"
"74","267","170","21"
"75","399","76","7"
"76","201","272","11"
"77","19","214","23"
"78","45","235","21"
"79","4","262","22"
"80","42","269","25"
"81","314","72","8"
"82","143","110","12"
"83","279","4","15"
"84","54","157","11"
"85","89","29","10"
"86","87","1","15"
"87","310","207","24"
"88","369","46","3"
"89","269","132","2"
"90","285","165","14"
"91","213","41","16"
"92","228","67","12"
"93","109","106","2"
"94","329","115","8"
"95","266","173","3"
"96","203","269","20"
"97","222","87","16"
"98","234","180","15"
"99","345","1","16"
"100","132","211","8"
"101","215","217","24"
"102","131","195","25"
"103","65","84","7"
"104","292","54","12"
"105","217","132","10"
"106","108","110","21"
"107","49","123","5"
"108","258","166","6"
"109","196","143","23"
"110","302","171","22"
"111","86","23","1"
"112","25","260","25"
"113","183","225","11"
"114","55","261","14"
"115","42","145","1"
"116","328","284","1"
"117","174","183","3"
"118","298","202","22"
"119","109","140","17"
"120","38","93","9"
"121","30","122","3"
"122","356","141","21"
"123","46","283","1"
"124","26","133","5"
"125","21","182","23"
"126","15","127","8"
"127","289","267","17"
"128","242","189","18"
"129","340","60","12"
"130","198","200","14"
"131","14","243","19"
"132","25","280","6"
"133","99","109","14"
"134","246","26","10"
"135","29","267","16"
"136","206","209","3"
"137","323","23","5"
"138","102","6","25"
"139","197","10","24"
"140","231","14","9"
"141","116","176","2"
"142","245","193","19"
"143","44","253","1"
"144","60","198","20"
"145","323","242","4"
"146","60","16","16"
"147","19","113","16"
"148","97","221","15"
"149","1","3","7"
"150","121","47","9"
"151","229","108","15"
"152","55","209","6"
"153","46","24","10"
"154","237","129","20"
"155","195","293","17"
"156","182","105","10"
"157","2","105","22"
"158","276","25","14"
"159","16","223","14"
"160","179","123","17"
"161","58","280","15"
"162","224","203","25"
"163","245","222","3"
"164","353","279","25"
"165","234","270","8"
"166","162","27","23"
"167","143","31","17"
"168","35","102","23"
"169","261","51","15"
"170","216","282","9"
"171","319","129","24"
"172","144","269","18"
"173","32","253","5"
"174","237","239","18"
"175","59","42","10"
"176","163","64","6"
"177","358","91","17"
"178","358","29","16"
"179","158","172","18"
"180","67","169","23"
"181","101","229","6"
"182","102","222","24"
"183","248","156","15"
"184","241","2","11"
"185","173","203","16"
"186","280","90","16"
"187","206","165","25"
"188","62","97","2"
"189","136","254","21"
"190","41","123","14"
"191","356","237","17"
"192","19","247","18"
"193","201","96","23"
"194","265","229","4"
"195","251","93","5"
"196","144","173","3"
"197","96","206","8"
"198","307","55","23"
"199","214","248","8"
"200","392","104","17"
"201","399","289","9"
"202","281","206","15"
"203","292","292","24"
"204","220","111","11"
"205","19","290","2"
"206","73","285","15"
"207","158","5","9"
"208","60","235","9"
"209","127","234","6"
"210","37","87","10"
"211","195","237","15"
"212","193","211","11"
"213","258","106","14"
"214","5","2","12"
"215","333","183","1"
"216","276","235","2"
"217","256","162","20"
"218","49","281","24"
"219","30","245","16"
"220","309","154","4"
"221","101","66","3"
"222","232","24","4"
"223","398","10","8"
"224","316","135","4"
"225","91","221","7"
"226","135","145","15"
"227","89","65","9"
"228","214","59","5"
"229","9","86","5"
"230","232","208","21"
"231","153","46","14"
"232","91","187","5"
"233","203","53","21"
"234","241","223","20"
"235","10","132","4"
"236","153","38","23"
"237","163","10","15"
"238","143","34","7"
"239","238","212","12"
"240","231","231","22"
"241","176","213","15"
"242","70","82","20"
"243","366","156","9"
"244","243","149","16"
"245","299","178","17"
"246","123","129","4"
"247","120","2","25"
"248","77","122","22"
"249","271","278","25"
"250","348","176","19"
"251","362","87","16"
"252","301","263","22"
"253","238","12","11"
"254","216","197","17"
"255","57","221","25"
"256","143","105","19"
"257","178","165","25"
"258","124","159","20"
"259","340","191","6"
"260","112","108","23"
"261","149","152","2"
"262","258","32","10"
"263","186","142","17"
"264","163","195","1"
"265","357","118","3"
"266","249","121","9"
"267","124","283","19"
"268","266","35","7"
"270","204","123","24"
"271","304","57","15"
"272","99","89","5"
"273","23","88","6"
"274","40","22","3"
"275","218","273","16"
"276","334","54","11"
"277","118","6","16"
"278","105","146","25"
"279","365","74","20"
"280","366","146","1"
"281","267","109","8"
"282","353","160","16"
"283","219","244","19"
"284","349","165","13"
"285","218","206","7"
"286","148","215","3"
"287","326","282","3"
"288","170","8","22"
"289","55","41","17"
"290","155","236","22"
"291","15","114","5"
"292","79","126","4"
"293","315","130","11"
"294","66","128","17"
"295","46","230","23"
"296","91","283","6"
"297","340","249","15"
"298","246","120","15"
"299","231","56","13"
"300","388","112","2"
"301","9","290","21"
"302","117","299","6"
"303","353","151","23"
"304","235","85","21"
"305","215","131","25"
"306","114","207","4"
"307","78","114","5"
"308","294","239","2"
"309","370","139","10"
"310","201","16","17"
"311","147","146","8"
"312","260","22","21"
"313","59","201","3"
"314","364","30","7"
"315","321","274","20"
"316","98","23","14"
"317","59","52","14"
"318","303","295","25"
"319","192","42","17"
"320","123","121","12"
"321","159","109","24"
"322","209","170","20"
"323","181","284","20"
"324","193","10","9"
"325","54","6","13"
"326","382","190","14"
"327","135","24","14"
"328","296","253","16"
"329","102","75","13"
"330","67","130","21"
"331","217","242","2"
"332","271","170","22"
"333","245","297","24"
"334","95","204","6"
"335","1","144","17"
"336","244","83","19"
"337","48","135","5"
"338","215","123","24"
"339","347","24","20"
"340","254","95","5"
"341","224","117","21"
"342","25","105","4"
"343","325","95","22"
"344","271","15","20"
"345","300","199","8"
"346","54","38","19"
"347","236","273","12"
"348","154","122","21"
"349","13","12","25"
"350","336","82","2"
"351","321","47","18"
"352","138","162","14"
"353","37","94","12"
"354","48","201","21"
"355","367","42","12"
"356","31","25","16"
"357","324","162","21"
"358","22","80","2"
"359","331","36","11"
"360","104","168","12"
"361","396","225","21"
"362","8","31","7"
"363","187","137","3"
"364","63","183","1"
"365","185","127","13"
"366","84","126","8"
"367","209","24","10"
"368","28","295","17"
"369","200","125","9"
"370","311","260","4"
"371","369","264","16"
"372","112","146","16"
"373","3","156","19"
"374","294","172","5"
"375","320","202","9"
"376","119","92","12"
"377","339","206","25"
"378","12","52","3"
"379","221","243","19"
"380","30","80","16"
"381","268","294","8"
"382","274","206","8"
"383","62","165","2"
"384","51","5","21"
"385","81","173","10"
"386","365","165","4"
"387","71","99","10"
"388","61","180","23"
"389","316","263","18"
"390","397","46","6"
"391","199","251","14"
"392","218","138","3"
"393","113","80","22"
"394","121","23","6"
"395","318","284","5"
"396","209","6","1"
"397","114","218","22"
"398","235","1","23"
"399","396","291","2"
"400","81","54","25"
"401","261","136","1"
"402","28","186","7"
"403","137","217","4"
"404","205","270","22"
"405","145","283","11"
"406","252","284","23"
"407","393","122","25"
"408","18","167","10"
"409","315","108","24"
"410","232","300","23"
"411","71","178","21"
"412","255","18","14"
"413","188","198","8"
"414","183","287","19"
"415","295","228","21"
"416","144","223","10"
"417","158","236","18"
"418","45","47","4"
"419","120","174","17"
"420","340","260","23"
"421","379","222","3"
"422","150","148","25"
"423","222","113","12"
"424","173","184","21"
"425","173","121","8"
"426","398","290","3"
"427","351","204","7"
"428","233","256","22"
"429","216","67","16"
"430","98","1","18"
"431","239","41","14"
"432","26","262","9"
"433","308","46","8"
"434","220","173","17"
"435","2","5","21"
"436","205","167","24"
"437","202","156","16"
"438","370","16","1"
"439","300","291","24"
"440","279","209","24"
"441","192","232","7"
"442","253","266","19"
"443","220","275","13"
"444","75","264","7"
"445","241","159","2"
"446","333","128","14"
"447","311","9","20"
"448","185","23","18"
"449","210","195","16"
"450","281","3","2"
"451","342","285","7"
"452","203","291","5"
"453","365","73","11"
"454","98","134","14"
"455","309","230","9"
"456","107","89","15"
"457","95","124","13"
"458","167","277","18"
"459","255","239","23"
"460","126","88","4"
"461","163","273","13"
"462","152","254","6"
"463","37","280","1"
"464","317","106","22"
"465","379","61","8"
"466","90","42","22"
"467","24","2","19"
"468","54","285","9"
"469","311","219","7"
"470","87","177","7"
"471","113","179","7"
"472","362","123","12"
"473","53","20","12"
"474","164","27","24"
"475","398","158","13"
"476","65","266","5"
"477","318","32","17"
"478","215","115","2"
"479","154","266","25"
"480","270","180","8"
"481","161","1","16"
"482","177","247","5"
"483","333","175","15"
"484","73","75","5"
"485","124","132","13"
"486","72","21","5"
"487","127","147","10"
"488","63","85","5"
"489","262","74","22"
"490","83","267","22"
"491","268","185","22"
"492","392","134","6"
"493","226","119","9"
"494","62","172","23"
"495","62","234","5"
"496","399","267","20"
"497","172","238","25"
"498","205","217","2"
"499","19","73","5"
"500","206","64","24"
